{"count":1,"self":59625.471999999994,"total":63879.508346899995,"children":{"InitializeActuators":{"count":3,"self":0.0019998999999999998,"total":0.0019998999999999998,"children":null},"InitializeSensors":{"count":3,"self":0.0010004999999999999,"total":0.0010004999999999999,"children":null},"AgentSendState":{"count":3193543,"self":16.9577184,"total":29.334213199999997,"children":{"CollectObservations":{"count":3193543,"self":3.0448172,"total":3.0448173,"children":null},"WriteActionMask":{"count":3193543,"self":3.1450297999999997,"total":3.1450297999999997,"children":null},"RequestDecision":{"count":3193543,"self":6.1866471999999995,"total":6.1866474,"children":null}}},"DecideAction":{"count":3193543,"self":4212.5832192,"total":4212.5830236,"children":null},"AgentAct":{"count":3193543,"self":12.116123199999999,"total":12.1161236,"children":null}},"gauges":{"NoPSModel.CumulativeReward":{"count":39,"max":0,"min":0,"runningAverage":0,"value":0,"weightedAverage":0}},"metadata":{"timer_format_version":"0.1.0","start_time_seconds":"1645909640","unity_version":"2020.3.23f1","command_line_arguments":"C:\\Program Files\\Unity\\Hub\\Editor\\2020.3.23f1\\Editor\\Unity.exe -projectpath C:\/workspace\/RRS - Copy\/rrs_unity -useHub -hubIPC -cloudEnvironment production -hubSessionId b6c19e60-9721-11ec-99f3-eb22167f257f -accessToken p74rNHnLuyC-B0nGkcE0twzVrdvvnkJu-jXbUUXJd8Q008f","communication_protocol_version":"1.5.0","com.unity.ml-agents_version":"2.0.0-exp.1","scene_name":"DemoLiquidPouring","end_time_seconds":"1645973520"}}