{"count":1,"self":130.99603199999999,"total":141.014534,"children":{"InitializeActuators":{"count":2,"self":0.0049489999999999994,"total":0.0049489999999999994,"children":null},"InitializeSensors":{"count":2,"self":0.0029494,"total":0.0029494,"children":null},"AgentSendState":{"count":6552,"self":0.0080061,"total":0.0239381,"children":{"CollectObservations":{"count":1311,"self":0.0029955999999999997,"total":0.0029955999999999997,"children":null},"WriteActionMask":{"count":1311,"self":0,"total":0,"children":null},"RequestDecision":{"count":1311,"self":0.012936399999999999,"total":0.012936399999999999,"children":null}}},"DecideAction":{"count":6552,"self":1.9650083999999999,"total":1.9650082999999998,"children":null},"AgentAct":{"count":6552,"self":8.020659199999999,"total":8.020659,"children":null}},"gauges":{"NoPSModel.CumulativeReward":{"count":3,"max":-0.0165252071,"min":-0.0224503074,"runningAverage":-0.0185210742,"value":-0.0165252071,"weightedAverage":-0.0198697951}},"metadata":{"timer_format_version":"0.1.0","start_time_seconds":"1672855800","unity_version":"2020.3.34f1","command_line_arguments":"C:\\Program Files\\Unity\\Hub\\Editor\\2020.3.34f1\\Editor\\Unity.exe -projectpath C:\\workspace\\RRSReal\\RRS\\rrs_unity -useHub -hubIPC -cloudEnvironment production -licensingIpc LicenseClient-student -hubSessionId bd5a2d80-8c41-11ed-a88b-2511c4d9c314","communication_protocol_version":"1.5.0","com.unity.ml-agents_version":"2.0.0-exp.1","scene_name":"PourNetTraining","end_time_seconds":"1672855941"}}