{"cameraMode":{"drawMode":0,"name":"Shaded","section":"Shading Mode"},"sceneLighting":false,"audioPlay":false,"sceneViewState":{"showFog":true,"showMaterialUpdate":false,"showSkybox":true,"showFlares":true,"showImageEffects":true,"showParticleSystems":true,"showVisualEffectGraphs":true,"m_FxEnabled":true},"in2DMode":false,"pivot":{"x":0.6468387246131897,"y":0.5841274857521057,"z":-3.0664072036743166},"rotation":{"x":0.10319608449935913,"y":-0.8514341711997986,"z":0.18281176686286927,"w":0.4806249439716339},"size":0.7604522109031677,"orthographic":false}