{"cameraMode":{"drawMode":0,"name":"Shaded","section":"Shading Mode"},"sceneLighting":false,"audioPlay":false,"sceneViewState":{"showFog":true,"showMaterialUpdate":false,"showSkybox":true,"showFlares":true,"showImageEffects":true,"showParticleSystems":true,"showVisualEffectGraphs":true,"m_FxEnabled":true},"in2DMode":false,"pivot":{"x":-0.17240285873413087,"y":0.04094231128692627,"z":-2.6048531532287599},"rotation":{"x":0.15738369524478913,"y":-0.6447794437408447,"z":0.1380348652601242,"w":0.7351527810096741},"size":1.3264353275299073,"orthographic":false}