{"cameraMode":{"drawMode":0,"name":"Shaded","section":"Shading Mode"},"sceneLighting":false,"audioPlay":false,"sceneViewState":{"showFog":true,"showMaterialUpdate":false,"showSkybox":true,"showFlares":true,"showImageEffects":true,"showParticleSystems":true,"showVisualEffectGraphs":true,"m_FxEnabled":true},"in2DMode":false,"pivot":{"x":0.7035791277885437,"y":0.9829657673835754,"z":-3.095916986465454},"rotation":{"x":-0.025927191600203515,"y":-0.9688217639923096,"z":0.11534536629915238,"w":-0.21776731312274934},"size":1.3604521751403809,"orthographic":false}